Sample_id,Sample_label
1,1
2,1
3,1
4,1
5,1
6,5
7,4
8,1
9,1
10,2
11,1
12,10
13,1
14,10
15,4
16,1
17,1
18,1
19,6
20,2
21,1
22,1
23,1
24,4
25,1
26,4
27,2
28,5
29,5
30,1
31,4
32,1
33,1
34,5
35,4
36,4
37,1
38,1
39,1
40,1
41,1
42,2
43,5
44,1
45,1
46,2
47,2
48,1
49,4
50,1
51,2
52,5
53,4
54,1
55,3
56,9
57,5
58,1
59,6
60,2
61,4
62,1
63,4
64,1
65,5
66,2
67,1
68,4
69,2
70,1
71,1
72,5
73,4
74,4
75,1
76,2
77,2
78,9
79,9
80,4
81,3
82,1
83,1
84,2
85,3
86,1
87,4
88,2
89,8
90,1
91,4
92,2
93,1
94,1
95,1
96,1
97,5
98,4
99,2
100,5
101,1
102,4
103,1
104,1
105,4
106,1
107,1
108,1
109,4
110,5
111,1
112,2
113,1
114,1
115,1
116,4
117,1
118,1
119,1
120,1
121,1
122,1
123,2
124,1
125,5
126,5
127,1
128,1
129,4
130,2
131,5
132,1
133,1
134,5
135,1
136,4
137,6
138,5
139,5
140,1
141,1
142,1
143,1
144,1
145,4
146,1
147,1
148,1
149,5
150,2
151,2
152,1
153,2
154,4
155,4
156,1
157,10
158,1
159,4
160,1
161,1
162,4
163,1
164,2
165,4
166,1
167,1
168,1
169,4
170,4
171,2
172,5
173,1
174,4
175,1
176,1
177,1
178,1
179,8
180,4
181,1
182,1
183,2
184,1
185,2
186,1
187,4
188,8
189,1
190,4
191,2
192,2
193,1
194,9
195,1
196,3
197,2
198,1
199,1
200,1
201,2
202,5
203,4
204,1
205,4
206,1
207,6
208,1
209,4
210,3
211,1
212,4
213,4
214,1
215,1
216,1
217,1
218,2
219,4
220,1
221,1
222,1
223,1
224,1
225,2
226,2
227,1
228,4
229,3
230,1
231,1
232,4
233,4
234,1
235,1
236,1
237,1
238,4
239,1
240,1
241,1
242,1
243,1
244,1
245,1
246,1
247,1
248,2
249,1
250,2
251,1
252,1
253,1
254,2
255,1
256,2
257,1
258,1
259,1
260,1
261,6
262,1
263,1
264,4
265,4
266,4
267,1
268,1
269,1
270,10
271,4
272,2
273,4
274,4
275,8
276,2
277,1
278,1
279,4
280,1
281,4
282,1
283,1
284,1
285,1
286,2
287,5
288,1
289,1
290,1
291,1
292,1
293,10
294,1
295,1
296,4
297,1
298,1
299,1
300,1
301,1
302,1
303,10
304,1
305,4
306,2
307,1
308,1
309,1
310,1
311,1
312,3
313,2
314,1
315,2
316,1
317,2
318,1
319,2
320,1
321,1
322,2
323,1
324,1
325,1
326,8
327,6
328,1
329,1
330,1
331,1
332,5
333,1
334,1
335,1
336,1
337,1
338,5
339,5
340,4
341,4
342,4
343,1
344,2
345,1
346,2
347,6
348,9
349,5
350,1
351,1
352,6
353,6
354,6
355,1
356,1
357,1
358,3
359,10
360,1
361,1
362,1
363,1
364,2
365,4
366,3
367,1
368,2
369,4
370,4
371,2
372,2
373,1
374,1
375,1
376,4
377,4
378,1
379,1
380,1
381,1
382,1
383,1
384,1
385,1
386,6
387,3
388,1
389,1
390,2
391,4
392,1
393,6
394,1
395,4
396,5
397,1
398,4
399,8
400,8
401,2
402,1
403,4
404,1
405,2
406,2
407,2
408,1
409,1
410,1
411,1
412,4
413,1
414,1
415,2
416,1
417,9
418,1
419,8
420,5
421,1
422,4
423,1
424,4
425,1
426,4
427,2
428,5
429,5
430,2
431,1
432,1
433,1
434,4
435,1
436,1
437,3
438,9
439,4
440,10
441,4
442,5
443,1
444,1
445,3
446,3
447,1
448,1
449,2
450,1
451,1
452,2
453,1
454,1
455,2
456,5
457,3
458,1
459,5
460,1
461,1
462,1
463,1
464,1
465,1
466,1
467,1
468,1
469,4
470,8
471,5
472,1
473,1
474,1
475,2
476,10
477,4
478,1
479,4
480,6
481,2
482,5
483,4
484,6
485,1
486,6
487,1
488,1
489,1
490,1
491,4
492,4
493,1
494,6
495,1
496,2
497,3
498,4
499,1
500,1
501,4
502,1
503,1
504,1
505,5
506,1
507,1
508,8
509,2
510,1
511,4
512,5
513,1
514,2
515,9
516,5
517,2
518,4
519,1
520,1
521,3
522,1
523,1
524,1
525,1
526,1
527,5
528,1
529,1
530,1
531,2
532,1
533,4
534,1
535,1
536,1
537,1
538,1
539,3
540,2
541,1
542,3
543,4
544,5
545,1
546,2
547,2
548,1
549,5
550,5
551,1
552,4
553,1
554,8
555,1
556,2
557,1
558,4
559,4
560,4
561,1
562,4
563,2
564,9
565,1
566,1
567,4
568,4
569,2
570,4
571,8
572,1
573,1
574,1
575,1
576,3
577,4
578,1
579,4
580,2
581,6
582,4
583,1
584,5
585,4
586,1
587,1
588,1
589,2
590,1
591,1
592,1
593,1
594,1
595,1
596,1
597,4
598,1
599,4
600,1
601,5
602,5
603,1
604,1
605,4
606,1
607,1
608,1
609,2
610,1
611,5
612,1
613,6
614,2
615,1
616,6
617,4
618,1
619,2
620,1
621,1
622,1
623,1
624,1
625,2
626,5
627,4
628,1
629,5
630,4
631,4
632,1
633,2
634,4
635,1
636,4
637,6
638,1
639,1
640,1
641,1
642,4
643,8
644,8
645,1
646,1
647,2
648,4
649,4
650,1
651,3
652,1
653,6
654,2
655,2
656,1
657,4
658,1
659,1
660,4
661,6
662,1
663,4
664,2
665,4
666,9
667,5
668,1
669,9
670,1
671,2
672,1
673,1
674,1
675,1
676,1
677,1
678,1
679,1
680,1
681,1
682,1
683,1
684,4
685,4
686,6
687,1
688,4
689,2
690,1
691,1
692,4
693,1
694,2
695,1
696,1
697,1
698,6
699,4
700,1
701,2
702,2
703,1
704,4
705,1
706,2
707,1
708,5
709,2
710,1
711,1
712,2
713,1
714,1
715,4
716,1
717,1
718,9
719,1
720,1
721,5
722,4
723,6
724,2
725,2
726,1
727,5
728,1
729,1
730,1
731,1
732,2
733,5
734,4
735,8
736,1
737,1
738,2
739,4
740,1
741,4
742,2
743,4
744,1
745,4
746,1
747,4
748,8
749,5
750,8
751,1
752,3
753,2
754,4
755,5
756,1
757,1
758,1
759,1
760,1
761,1
762,1
763,1
764,4
765,1
766,1
767,1
768,2
769,8
770,1
771,1
772,1
773,1
774,1
775,5
776,4
777,1
778,1
779,1
780,5
781,1
782,1
783,1
784,9
785,1
786,1
787,2
788,9
789,1
790,1
791,1
792,1
793,1
794,9
795,2
796,1
797,4
798,1
799,1
800,5
801,1
802,1
803,4
804,1
805,1
806,2
807,1
808,1
809,1
810,2
811,1
812,1
813,2
814,1
815,2
816,1
817,4
818,1
819,5
820,2
821,1
822,1
823,2
824,1
825,1
826,4
827,1
828,2
829,1
830,2
831,8
832,9
833,8
834,1
835,1
836,1
837,1
838,2
839,6
840,1
841,2
842,2
843,1
844,4
845,5
846,4
847,1
848,6
849,8
850,4
851,4
852,1
853,2
854,4
855,1
856,4
857,1
858,2
859,5
860,6
861,1
862,1
863,2
864,1
865,2
866,9
867,1
868,2
869,5
870,2
871,1
872,1
873,1
874,1
875,4
876,10
877,8
878,5
879,1
880,1
881,2
882,4
883,4
884,2
885,5
886,6
887,4
888,1
889,4
890,2
891,1
892,1
893,1
894,1
895,1
896,1
897,1
898,8
899,2
900,4
901,1
902,2
903,2
904,5
905,1
906,1
907,1
908,8
909,1
910,2
911,1
912,9
913,1
914,1
915,1
916,5
917,1
918,4
919,4
920,1
921,1
922,1
923,1
924,1
925,1
926,3
927,1
928,6
929,4
930,1
931,2
932,1
933,2
934,2
935,4
936,1
937,1
938,1
939,4
940,6
941,5
942,1
943,4
944,3
945,2
946,2
947,1
948,4
949,2
950,2
951,4
952,1
953,1
954,4
955,1
956,4
957,1
958,1
959,1
960,1
961,2
962,2
963,4
964,1
965,6
966,1
967,6
968,6
969,5
970,2
971,4
972,1
973,1
974,5
975,3
976,3
977,4
978,2
979,6
980,1
981,2
982,1
983,1
984,1
985,1
986,1
987,4
988,1
989,4
990,2
991,1
992,1
993,2
994,1
995,4
996,1
997,5
998,5
999,2
1000,1
1001,1
1002,1
1003,5
1004,3
1005,2
1006,1
1007,1
1008,1
1009,1
1010,1
1011,1
1012,4
1013,1
1014,1
1015,6
1016,1
1017,1
1018,1
1019,1
1020,2
1021,1
1022,2
1023,1
1024,1
1025,10
1026,2
1027,8
1028,10
1029,1
1030,1
1031,5
1032,2
1033,1
1034,1
1035,1
1036,4
1037,6
1038,4
1039,1
1040,6
1041,4
1042,2
1043,5
1044,4
1045,5
1046,5
1047,1
1048,3
1049,6
1050,1
1051,1
1052,1
1053,2
1054,5
1055,1
1056,2
1057,1
1058,2
1059,4
1060,1
1061,5
1062,2
1063,1
1064,2
1065,9
1066,1
1067,1
1068,6
1069,1
1070,3
1071,4
1072,4
1073,4
1074,1
1075,4
1076,5
1077,4
1078,1
1079,5
1080,4
1081,1
1082,2
1083,1
1084,2
1085,1
1086,1
1087,1
1088,4
1089,5
1090,4
1091,1
1092,4
1093,1
1094,2
1095,4
1096,1
1097,2
1098,1
1099,1
1100,1
1101,1
1102,1
1103,2
1104,1
1105,2
1106,4
1107,4
1108,1
1109,2
1110,1
1111,4
1112,1
1113,6
1114,5
1115,1
1116,4
1117,3
1118,5
1119,1
1120,1
1121,2
1122,1
1123,2
1124,4
1125,5
1126,1
1127,1
1128,2
1129,5
1130,1
1131,4
1132,3
1133,4
1134,1
1135,1
1136,1
1137,4
1138,5
1139,2
1140,1
1141,1
1142,4
1143,1
1144,2
1145,1
1146,2
1147,2
1148,2
1149,2
1150,1
1151,1
1152,5
1153,1
1154,2
1155,2
1156,1
1157,4
1158,1
1159,1
1160,1
1161,2
1162,1
1163,1
1164,1
1165,2
1166,2
1167,4
1168,4
1169,4
1170,2
1171,1
1172,2
1173,6
1174,5
1175,2
1176,5
1177,5
1178,2
1179,1
1180,4
1181,5
1182,2
1183,1
1184,4
1185,5
1186,2
1187,1
1188,4
1189,1
1190,1
1191,1
1192,6
1193,1
1194,5
1195,1
1196,1
1197,3
1198,1
1199,3
1200,1
1201,2
1202,1
1203,6
1204,5
1205,1
1206,5
1207,5
1208,2
1209,4
1210,5
1211,9
1212,2
1213,1
1214,1
1215,1
1216,6
1217,6
1218,6
1219,1
1220,1
1221,1
1222,2
1223,4
1224,8
1225,4
1226,1
1227,1
1228,1
1229,4
1230,5
1231,1
1232,1
1233,2
1234,2
1235,5
1236,1
1237,1
1238,1
1239,2
1240,4
1241,2
1242,1
1243,1
1244,1
1245,1
1246,4
1247,1
1248,2
1249,4
1250,1
1251,4
1252,1
1253,1
1254,1
1255,2
1256,1
1257,6
1258,1
1259,5
1260,5
1261,1
1262,5
1263,1
1264,1
1265,1
1266,2
1267,1
1268,1
1269,4
1270,1
1271,5
1272,4
1273,1
1274,2
1275,1
1276,4
1277,1
1278,1
1279,4
1280,1
1281,5
1282,1
1283,4
1284,6
1285,1
1286,1
1287,1
1288,5
1289,4
1290,4
1291,1
1292,4
1293,2
1294,4
1295,2
1296,5
1297,1
1298,1
1299,5
1300,2
1301,5
1302,1
1303,4
1304,1
1305,1
1306,1
1307,1
1308,1
1309,1
1310,6
1311,5
1312,4
1313,1
1314,2
1315,4
1316,4
1317,10
1318,2
1319,4
1320,1
1321,6
1322,1
1323,1
1324,5
1325,2
1326,1
1327,4
1328,1
1329,4
1330,8
1331,4
1332,1
1333,4
1334,1
1335,1
1336,1
1337,2
1338,4
1339,4
1340,1
1341,1
1342,1
1343,1
1344,2
1345,9
1346,5
1347,4
1348,1
1349,2
1350,2
1351,1
1352,2
1353,1
1354,4
1355,1
1356,2
1357,1
1358,1
1359,4
1360,1
1361,4
1362,1
1363,9
1364,4
1365,1
1366,5
1367,1
1368,3
1369,2
1370,1
1371,1
1372,1
1373,5
1374,1
1375,4
1376,5
1377,1
1378,1
1379,4
1380,5
1381,1
1382,1
1383,1
1384,2
1385,5
1386,1
1387,5
1388,4
1389,1
1390,4
1391,6
1392,1
1393,1
1394,1
1395,1
1396,1
1397,5
1398,2
1399,9
1400,1
1401,2
1402,1
1403,2
1404,4
1405,5
1406,5
1407,1
1408,1
1409,9
1410,4
1411,4
1412,1
1413,1
1414,1
1415,4
1416,1
1417,6
1418,5
1419,4
1420,2
1421,2
1422,5
1423,4
1424,2
1425,2
1426,1
1427,1
1428,2
1429,2
1430,1
1431,1
1432,1
1433,1
1434,2
1435,1
1436,2
1437,2
1438,3
1439,3
1440,2
1441,1
1442,1
1443,1
1444,1
1445,1
1446,2
1447,4
1448,2
1449,1
1450,1
1451,4
1452,1
1453,1
1454,1
1455,1
1456,4
1457,1
1458,1
1459,6
1460,1
1461,1
1462,2
1463,1
1464,1
1465,1
1466,4
1467,1
1468,4
1469,4
1470,1
1471,2
1472,1
1473,1
1474,1
1475,2
1476,5
1477,1
1478,1
1479,4
1480,1
1481,6
1482,3
1483,1
1484,10
1485,1
1486,4
1487,1
1488,4
1489,1
1490,5
1491,1
1492,8
1493,5
1494,4
1495,1
1496,2
1497,1
1498,4
1499,1
1500,2
1501,9
1502,1
1503,1
1504,4
1505,1
1506,1
1507,1
1508,1
1509,4
1510,1
1511,1
1512,2
1513,1
1514,5
1515,1
1516,4
1517,8
1518,4
1519,5
1520,5
1521,1
1522,1
1523,1
1524,4
1525,4
1526,1
1527,1
1528,1
1529,4
1530,1
1531,1
1532,1
1533,4
1534,2
1535,1
1536,1
1537,4
1538,1
1539,1
1540,2
1541,1
1542,1
1543,1
1544,4
1545,2
1546,1
1547,1
1548,1
1549,1
1550,1
1551,1
1552,1
1553,1
1554,1
1555,1
1556,4
1557,1
1558,1
1559,1
1560,4
1561,1
1562,2
1563,1
1564,1
1565,1
1566,4
1567,1
1568,3
1569,1
1570,2
1571,2
1572,3
1573,1
1574,9
1575,4
1576,1
1577,3
1578,5
1579,4
1580,1
1581,1
1582,8
1583,2
1584,8
1585,5
1586,8
1587,3
1588,5
1589,1
1590,4
1591,6
1592,1
1593,3
1594,1
1595,5
1596,1
1597,1
1598,4
1599,5
1600,1
1601,9
1602,4
1603,1
1604,6
1605,1
1606,4
1607,8
1608,4
1609,1
1610,1
1611,4
1612,1
1613,1
1614,6
1615,1
1616,4
1617,2
1618,2
1619,1
1620,1
1621,1
1622,5
1623,2
1624,4
1625,2
1626,1
1627,1
1628,1
1629,6
1630,4
1631,9
1632,4
1633,3
1634,5
1635,1
1636,4
1637,1
1638,1
1639,1
1640,3
1641,1
1642,4
1643,1
1644,4
1645,4
1646,1
1647,2
1648,1
1649,1
1650,1
1651,1
1652,1
1653,4
1654,2
1655,1
1656,2
1657,1
1658,1
1659,4
1660,4
1661,2
1662,4
1663,5
1664,6
1665,4
1666,4
1667,1
1668,1
1669,1
1670,4
1671,1
1672,1
1673,1
1674,2
1675,1
1676,1
1677,1
1678,6
1679,6
1680,4
1681,1
1682,1
1683,1
1684,1
1685,4
1686,6
1687,5
1688,2
1689,1
1690,1
1691,4
1692,4
1693,2
1694,6
1695,1
1696,6
1697,2
1698,1
1699,1
1700,1
1701,1
1702,1
1703,1
1704,4
1705,1
1706,4
1707,1
1708,1
1709,4
1710,1
1711,1
1712,1
1713,9
1714,6
1715,1
1716,1
1717,5
1718,4
1719,6
1720,2
1721,2
1722,2
1723,4
1724,1
1725,1
1726,1
1727,1
1728,4
1729,1
1730,1
1731,8
1732,1
1733,8
1734,3
1735,4
1736,1
1737,4
1738,1
1739,1
1740,8
1741,1
1742,1
1743,2
1744,2
1745,2
1746,1
1747,5
1748,8
1749,4
1750,10
1751,1
1752,1
1753,9
1754,1
1755,2
1756,1
1757,5
1758,1
1759,6
1760,4
1761,6
1762,1
1763,1
1764,1
1765,2
1766,3
1767,5
1768,3
1769,1
1770,1
1771,1
1772,1
1773,2
1774,4
1775,5
1776,1
1777,1
1778,1
1779,8
1780,4
1781,2
1782,1
1783,1
1784,1
1785,4
1786,1
1787,6
1788,1
1789,1
1790,4
1791,1
1792,9
1793,3
1794,1
1795,9
1796,1
1797,1
1798,4
1799,5
1800,1
1801,1
1802,8
1803,2
1804,1
1805,1
1806,1
1807,5
1808,6
1809,4
1810,2
1811,1
1812,4
1813,4
1814,1
1815,4
1816,1
1817,1
1818,1
1819,3
1820,2
1821,1
1822,1
1823,1
1824,4
1825,4
1826,3
1827,4
1828,1
1829,4
1830,5
1831,4
1832,5
1833,5
1834,5
1835,2
1836,8
1837,10
1838,1
1839,1
1840,1
1841,1
1842,1
1843,5
1844,4
1845,1
1846,2
1847,4
1848,1
1849,1
1850,1
1851,1
1852,2
1853,1
1854,2
1855,9
1856,1
1857,1
1858,9
1859,2
1860,2
1861,2
1862,1
1863,4
1864,1
1865,1
1866,2
1867,1
1868,1
1869,5
1870,4
1871,1
1872,1
1873,1
1874,9
1875,2
1876,1
1877,5
1878,2
1879,1
1880,4
1881,1
1882,4
1883,3
1884,2
1885,1
1886,4
1887,1
1888,1
1889,2
1890,4
1891,1
1892,2
1893,4
1894,1
1895,6
1896,1
1897,1
1898,1
1899,5
1900,1
1901,1
1902,8
1903,2
1904,8
1905,2
1906,5
1907,2
1908,4
1909,1
1910,1
1911,1
1912,2
1913,1
1914,4
1915,2
1916,2
1917,4
1918,1
1919,1
1920,1
1921,1
1922,1
1923,1
1924,4
1925,4
1926,1
1927,9
1928,10
1929,1
1930,4
1931,5
1932,5
1933,2
1934,6
1935,1
1936,1
1937,1
1938,4
1939,1
1940,1
1941,8
1942,1
1943,4
1944,4
1945,1
1946,4
1947,1
1948,4
1949,5
1950,8
1951,5
1952,3
1953,2
1954,1
1955,1
1956,1
1957,4
1958,1
1959,1
1960,1
1961,2
1962,3
1963,5
1964,1
1965,8
1966,2
1967,9
1968,1
1969,4
1970,4
1971,1
1972,4
1973,1
1974,1
1975,1
1976,1
1977,4
1978,5
1979,6
1980,1
1981,1
1982,1
1983,1
1984,1
1985,2
1986,4
1987,4
1988,1
1989,1
1990,1
1991,1
1992,1
1993,1
1994,1
1995,1
1996,1
1997,1
1998,1
1999,4
2000,1
2001,4
2002,4
2003,2
2004,1
2005,2
2006,6
2007,10
2008,1
2009,5
2010,4
2011,2
2012,10
2013,2
2014,2
2015,3
2016,2
2017,1
2018,9
2019,6
2020,5
2021,1
2022,4
2023,1
2024,1
2025,1
2026,1
2027,4
2028,1
2029,4
2030,1
2031,1
2032,8
2033,1
2034,1
2035,1
2036,5
2037,4
2038,1
2039,1
2040,1
2041,5
2042,5
2043,1
2044,1
2045,2
2046,4
2047,3
2048,4
2049,2
2050,5
2051,1
2052,2
2053,6
2054,1
2055,1
2056,1
2057,4
2058,1
2059,1
2060,5
2061,1
2062,5
2063,1
2064,1
2065,2
2066,4
2067,1
2068,1
2069,1
2070,1
2071,5
2072,4
2073,2
2074,1
2075,1
2076,1
2077,5
2078,3
2079,1
2080,4
2081,1
2082,1
2083,4
2084,1
2085,6
2086,1
2087,1
2088,1
2089,1
2090,1
2091,4
2092,4
2093,4
2094,4
2095,1
2096,3
2097,2
2098,2
2099,1
2100,1
2101,2
2102,1
2103,2
2104,4
2105,1
2106,5
2107,10
2108,5
2109,1
2110,4
2111,1
2112,8
2113,1
2114,1
2115,9
2116,1
2117,1
2118,4
2119,8
2120,2
2121,1
2122,2
2123,5
2124,2
2125,1
2126,1
2127,1
2128,5
2129,4
2130,1
2131,1
2132,1
2133,2
2134,1
2135,1
2136,1
2137,4
2138,9
2139,1
2140,1
2141,1
2142,5
2143,2
2144,2
2145,1
2146,2
2147,2
2148,3
2149,2
2150,1
2151,1
2152,1
2153,4
2154,4
2155,5
2156,6
2157,4
2158,4
2159,1
2160,1
2161,4
2162,2
2163,4
2164,1
2165,1
2166,1
2167,4
2168,2
2169,4
2170,4
2171,1
2172,1
2173,1
2174,5
2175,1
2176,1
2177,1
2178,1
2179,3
2180,1
2181,1
2182,1
2183,1
2184,6
2185,10
2186,2
2187,1
2188,5
2189,1
2190,1
2191,2
2192,8
2193,4
2194,1
2195,4
2196,1
2197,4
2198,1
2199,2
2200,2
2201,4
2202,1
2203,1
2204,4
2205,1
2206,4
2207,5
2208,1
2209,1
2210,8
2211,1
2212,1
2213,1
2214,9
2215,1
2216,3
2217,5
2218,8
2219,1
2220,2
2221,3
2222,1
2223,1
2224,6
2225,2
2226,1
2227,1
2228,1
2229,1
2230,4
2231,1
2232,1
2233,4
2234,1
2235,1
2236,2
2237,1
2238,5
2239,2
2240,1
2241,1
2242,8
2243,1
2244,5
2245,6
2246,1
2247,2
2248,5
2249,1
2250,4
2251,1
2252,4
2253,1
2254,3
2255,1
2256,1
2257,2
2258,2
2259,1
2260,1
2261,1
2262,2
2263,1
2264,1
2265,1
2266,1
2267,1
2268,1
2269,1
2270,1
2271,1
2272,2
2273,1
2274,1
2275,3
2276,4
2277,4
2278,3
2279,1
2280,1
2281,2
2282,2
2283,1
2284,5
2285,5
2286,2
2287,8
2288,1
2289,1
2290,5
2291,1
2292,2
2293,1
2294,4
2295,1
2296,1
2297,5
2298,3
2299,1
2300,5
2301,3
2302,5
2303,4
2304,1
2305,3
2306,1
2307,1
2308,2
2309,2
2310,4
2311,1
2312,1
2313,1
2314,4
2315,4
2316,1
2317,2
2318,3
2319,1
2320,9
2321,1
2322,2
2323,1
2324,1
2325,4
2326,5
2327,1
2328,5
2329,1
2330,1
2331,5
2332,1
2333,2
2334,1
2335,6
2336,1
2337,5
2338,1
2339,4
2340,2
2341,1
2342,8
2343,1
2344,2
2345,1
2346,1
2347,6
2348,1
2349,1
2350,5
2351,2
2352,2
2353,4
2354,1
2355,1
2356,1
2357,1
2358,5
2359,6
2360,1
2361,1
2362,4
2363,1
2364,1
2365,1
2366,9
2367,1
2368,8
2369,6
2370,5
2371,4
2372,6
2373,1
2374,1
2375,4
2376,2
2377,1
2378,1
2379,1
2380,8
2381,4
2382,1
2383,7
2384,1
2385,2
2386,1
2387,5
2388,1
2389,4
2390,1
2391,2
2392,1
2393,1
2394,1
2395,1
2396,1
2397,1
2398,1
2399,9
2400,4
2401,1
2402,4
2403,1
2404,1
2405,2
2406,2
2407,1
2408,1
2409,1
2410,5
2411,1
2412,1
2413,5
2414,1
2415,1
2416,4
2417,2
2418,3
2419,2
2420,1
2421,4
2422,1
2423,1
2424,1
2425,1
2426,5
2427,1
2428,4
2429,1
2430,5
2431,4
2432,2
2433,1
2434,4
2435,1
2436,1
2437,1
2438,1
2439,1
2440,1
2441,1
2442,2
2443,4
2444,1
2445,6
2446,6
2447,1
2448,2
2449,2
2450,1
2451,5
2452,4
2453,1
2454,1
2455,1
2456,5
2457,2
2458,1
2459,1
2460,5
2461,1
2462,1
2463,1
2464,4
2465,4
2466,4
2467,3
2468,4
2469,1
2470,4
2471,1
2472,5
2473,1
2474,4
2475,4
2476,1
2477,4
2478,5
2479,1
2480,5
2481,5
2482,2
2483,1
2484,5
2485,2
2486,2
2487,1
2488,2
2489,9
2490,4
2491,1
2492,1
2493,1
2494,4
2495,1
2496,2
2497,6
2498,4
2499,1
2500,6
2501,5
2502,4
2503,10
2504,4
2505,2
2506,4
2507,1
2508,1
2509,1
2510,1
2511,2
2512,4
2513,1
2514,2
2515,2
2516,1
2517,1
2518,1
2519,4
2520,1
2521,1
2522,4
2523,1
2524,9
2525,1
2526,1
2527,8
2528,2
2529,2
2530,1
2531,1
2532,5
2533,4
2534,5
2535,3
2536,1
2537,1
2538,6
2539,1
2540,1
2541,1
2542,1
2543,1
2544,3
2545,1
2546,1
2547,2
2548,1
2549,1
2550,2
2551,4
2552,1
2553,1
2554,2
2555,2
2556,1
2557,1
2558,4
2559,6
2560,1
2561,1
2562,4
2563,1
2564,1
2565,8
2566,4
2567,1
2568,8
2569,2
2570,1
2571,1
2572,2
2573,3
2574,2
2575,4
2576,5
2577,5
2578,1
2579,1
2580,1
2581,5
2582,5
2583,1
2584,1
2585,4
2586,1
2587,1
2588,1
2589,4
2590,5
2591,8
2592,2
2593,1
2594,5
2595,6
2596,1
2597,1
2598,1
2599,1
2600,1
2601,5
2602,1
2603,1
2604,1
2605,1
2606,1
2607,1
2608,2
2609,4
2610,4
2611,2
2612,1
2613,2
2614,1
2615,1
2616,1
2617,4
2618,1
2619,1
2620,1
2621,1
2622,1
2623,1
2624,2
2625,1
2626,1
2627,1
2628,1
2629,5
2630,3
2631,1
2632,4
2633,4
2634,3
2635,1
2636,1
2637,1
2638,4
2639,9
2640,2
2641,1
2642,1
2643,1
2644,1
2645,1
2646,1
2647,1
2648,1
2649,1
2650,2
2651,1
2652,1
2653,1
2654,1
2655,1
2656,8
2657,6
2658,1
2659,1
2660,4
2661,3
2662,4
2663,1
2664,8
2665,1
2666,10
2667,1
2668,5
2669,2
2670,6
2671,1
2672,1
2673,1
2674,1
2675,1
2676,1
2677,5
2678,2
2679,1
2680,1
2681,4
2682,1
2683,4
2684,5
2685,1
2686,1
2687,4
2688,4
2689,1
2690,1
2691,1
2692,3
2693,1
2694,4
2695,1
2696,3
2697,2
2698,1
2699,1
2700,4
2701,2
2702,4
2703,1
2704,1
2705,1
2706,1
2707,1
2708,4
2709,3
2710,1
2711,2
2712,1
2713,1
2714,1
2715,9
2716,1
2717,2
2718,4
2719,1
2720,1
2721,4
2722,4
2723,1
2724,1
2725,2
2726,4
2727,1
2728,4
2729,1
2730,1
2731,4
2732,1
2733,1
2734,1
2735,4
2736,1
2737,5
2738,1
2739,1
2740,1
2741,1
2742,9
2743,1
2744,1
2745,2
2746,1
2747,1
2748,2
2749,2
2750,2
2751,1
2752,1
2753,2
2754,5
2755,1
2756,2
2757,9
2758,2
2759,5
2760,2
2761,1
2762,1
2763,4
2764,5
2765,5
2766,1
2767,1
2768,2
2769,1
2770,2
2771,1
2772,1
2773,1
2774,1
2775,1
2776,1
2777,4
2778,1
2779,4
2780,1
2781,1
2782,1
2783,2
2784,2
2785,10
2786,1
2787,1
2788,1
2789,5
2790,1
2791,6
2792,6
2793,1
2794,5
2795,8
2796,4
2797,9
2798,5
2799,1
2800,4
2801,2
2802,4
2803,5
2804,5
2805,4
2806,1
2807,1
2808,1
2809,1
2810,1
2811,4
2812,4
2813,1
2814,2
2815,1
2816,1
2817,4
2818,1
2819,6
2820,2
2821,1
2822,1
2823,2
2824,1
2825,1
2826,4
2827,1
2828,10
2829,4
2830,1
2831,2
2832,5
2833,1
2834,4
2835,1
2836,2
2837,2
2838,1
2839,5
2840,5
2841,1
2842,1
2843,4
2844,1
2845,4
2846,1
2847,1
2848,6
2849,6
2850,1
2851,2
2852,1
2853,1
2854,5
2855,1
2856,1
2857,1
2858,2
2859,1
2860,1
2861,1
2862,2
2863,1
2864,9
2865,8
2866,5
2867,2
2868,1
2869,1
2870,2
2871,1
2872,1
2873,1
2874,3
2875,2
2876,2
2877,4
2878,1
2879,1
2880,1
2881,1
2882,1
2883,2
2884,6
2885,2
2886,1
2887,1
2888,1
2889,4
2890,1
2891,10
2892,2
2893,1
2894,4
2895,5
2896,1
2897,4
2898,4
2899,2
2900,1
2901,10
2902,1
2903,1
2904,1
2905,1
2906,2
2907,4
2908,1
2909,3
2910,1
2911,2
2912,1
2913,1
2914,1
2915,2
2916,1
2917,2
2918,5
2919,2
2920,2
2921,1
2922,4
2923,1
2924,1
2925,6
2926,1
2927,1
2928,1
2929,4
2930,1
2931,4
2932,4
2933,4
2934,1
2935,5
2936,1
2937,1
2938,1
2939,3
2940,4
2941,2
2942,5
2943,1
2944,1
2945,1
2946,1
2947,1
2948,4
2949,1
2950,1
2951,4
2952,1
2953,1
2954,1
2955,1
2956,1
2957,1
2958,1
2959,2
2960,2
2961,4
2962,1
2963,2
2964,2
2965,3
2966,2
2967,1
2968,1
2969,2
2970,1
2971,1
2972,3
2973,1
2974,1
2975,6
2976,1
2977,4
2978,2
2979,3
2980,2
2981,2
2982,1
2983,2
2984,10
2985,10
2986,2
2987,1
2988,1
2989,1
2990,4
2991,1
2992,2
2993,1
2994,2
2995,4
2996,2
2997,8
2998,4
2999,1
3000,1
3001,1
3002,2
3003,2
3004,1
3005,1
3006,5
3007,1
3008,2
3009,1
3010,1
3011,4
3012,2
3013,1
3014,1
3015,1
3016,5
3017,1
3018,1
3019,1
3020,6
3021,9
3022,1
3023,2
3024,4
3025,1
3026,4
3027,1
3028,4
3029,1
3030,4
3031,1
3032,8
3033,1
3034,1
3035,1
3036,1
3037,2
3038,1
3039,2
3040,1
3041,4
3042,1
3043,4
3044,2
3045,1
3046,1
3047,2
3048,1
3049,1
3050,1
3051,4
3052,1
3053,3
3054,1
3055,10
3056,1
3057,4
3058,1
3059,4
3060,1
3061,1
3062,1
3063,6
3064,1
3065,2
3066,2
3067,2
3068,5
3069,1
3070,4
3071,1
3072,1
3073,4
3074,1
3075,1
3076,1
3077,4
3078,4
3079,1
3080,10
3081,1
3082,1
3083,5
3084,1
3085,3
3086,4
3087,2
3088,1
3089,1
3090,3
3091,5
3092,1
3093,1
3094,1
3095,1
3096,2
3097,2
3098,2
3099,1
3100,1
3101,2
3102,1
3103,1
3104,4
3105,1
3106,2
3107,1
3108,1
3109,4
3110,1
3111,1
3112,1
3113,1
3114,4
3115,8
3116,1
3117,3
3118,1
3119,1
3120,4
3121,1
3122,1
3123,1
3124,1
3125,1
3126,1
3127,1
3128,4
3129,5
3130,5
3131,2
3132,1
3133,6
3134,1
3135,1
3136,1
3137,5
3138,1
3139,1
3140,5
3141,1
3142,4
3143,1
3144,1
3145,4
3146,1
3147,1
3148,3
3149,1
3150,9
3151,1
3152,1
3153,1
3154,1
3155,1
3156,1
3157,9
3158,3
3159,5
3160,2
3161,5
3162,4
3163,1
3164,1
3165,1
3166,1
3167,2
3168,4
3169,1
3170,1
3171,4
3172,1
3173,1
3174,2
3175,4
3176,1
3177,2
3178,8
3179,4
3180,1
3181,1
3182,1
3183,1
3184,1
3185,5
3186,6
3187,1
3188,1
3189,6
3190,1
3191,4
3192,1
3193,8
3194,4
3195,1
3196,4
3197,1
3198,1
3199,1
3200,1
3201,4
3202,1
3203,1
3204,1
3205,1
3206,4
3207,4
3208,1
3209,2
3210,1
3211,9
3212,1
3213,1
3214,4
3215,4
3216,1
3217,3
3218,4
3219,1
3220,1
3221,1
3222,1
3223,1
3224,2
3225,8
3226,1
3227,1
3228,1
3229,1
3230,9
3231,6
3232,1
3233,5
3234,1
3235,1
3236,6
3237,4
3238,1
3239,10
3240,6
3241,1
3242,1
3243,4
3244,1
3245,1
3246,5
3247,1
3248,1
3249,2
3250,2
3251,1
3252,2
3253,1
3254,4
3255,1
3256,1
3257,1
3258,1
3259,4
3260,1
3261,2
3262,5
3263,1
3264,1
3265,2
3266,1
3267,4
3268,2
3269,1
3270,1
3271,5
3272,1
3273,1
3274,4
3275,1
3276,1
3277,2
3278,2
3279,10
3280,4
3281,2
3282,1
3283,1
3284,4
3285,1
3286,1
3287,6
3288,4
3289,1
3290,1
3291,1
3292,1
3293,2
3294,3
3295,5
3296,1
3297,2
3298,1
3299,1
3300,1
3301,1
3302,1
3303,5
3304,2
3305,2
3306,1
3307,1
3308,5
3309,2
3310,1
3311,1
3312,1
3313,1
3314,4
3315,2
3316,1
3317,1
3318,1
3319,2
3320,1
3321,1
3322,1
3323,1
3324,1
3325,3
3326,1
3327,1
3328,1
3329,2
3330,1
3331,5
3332,3
3333,1
3334,4
3335,1
3336,1
3337,2
3338,2
3339,1
3340,1
3341,1
3342,1
3343,5
3344,5
3345,8
3346,9
3347,4
3348,1
3349,2
3350,1
3351,1
3352,9
3353,2
3354,1
3355,1
3356,3
3357,1
3358,1
3359,2
3360,1
3361,5
3362,3
3363,1
3364,1
3365,5
3366,4
3367,1
3368,9
3369,4
3370,2
3371,6
3372,1
3373,5
3374,2
3375,1
3376,6
3377,1
3378,1
3379,3
3380,1
3381,1
3382,2
3383,1
3384,1
3385,2
3386,1
3387,1
3388,1
3389,9
3390,1
3391,1
3392,4
3393,1
3394,9
3395,4
3396,1
3397,2
3398,1
3399,6
3400,4
3401,5
3402,1
3403,2
3404,1
3405,1
3406,8
3407,1
3408,1
3409,4
3410,1
3411,4
3412,6
3413,1
3414,2
3415,1
3416,5
3417,2
3418,1
3419,1
3420,1
3421,1
3422,1
3423,1
3424,1
3425,9
3426,10
3427,4
3428,1
3429,9
3430,1
3431,6
3432,1
3433,1
3434,1
3435,1
3436,5
3437,6
3438,1
3439,1
3440,4
3441,1
3442,9
3443,1
3444,1
3445,3
3446,1
3447,2
3448,1
3449,1
3450,1
3451,1
3452,2
3453,6
3454,5
3455,1
3456,1
3457,4
3458,1
3459,1
3460,2
3461,4
3462,2
3463,1
3464,5
3465,1
3466,1
3467,4
3468,6
3469,4
3470,2
3471,1
3472,5
3473,1
3474,5
3475,2
3476,3
3477,1
3478,4
3479,2
3480,2
3481,2
3482,1
3483,5
3484,1
3485,3
3486,1
3487,1
3488,1
3489,1
3490,5
3491,1
3492,2
3493,4
3494,2
3495,1
3496,1
3497,1
3498,6
3499,1
3500,4
3501,1
3502,5
3503,4
3504,4
3505,1
3506,1
3507,2
3508,1
3509,1
3510,2
3511,1
3512,1
3513,3
3514,4
3515,1
3516,9
3517,2
3518,5
3519,2
3520,1
3521,1
3522,2
3523,1
3524,1
3525,1
3526,1
3527,2
3528,1
3529,1
3530,1
3531,5
3532,1
3533,8
3534,1
3535,4
3536,2
3537,1
3538,4
3539,4
3540,1
3541,1
3542,4
3543,2
3544,4
3545,1
3546,4
3547,1
3548,1
3549,2
3550,1
3551,1
3552,2
3553,5
3554,6
3555,1
3556,1
3557,1
3558,1
3559,1
3560,5
3561,5
3562,4
3563,1
3564,1
3565,6
3566,1
3567,1
3568,2
3569,2
3570,1
3571,1
3572,9
3573,4
3574,1
3575,2
3576,1
3577,4
3578,4
3579,4
3580,1
3581,1
3582,4
3583,4
3584,4
3585,2
3586,1
3587,2
3588,4
3589,9
3590,1
3591,1
3592,2
3593,1
3594,1
3595,1
3596,1
3597,3
3598,2
3599,2
3600,1
3601,4
3602,1
3603,4
3604,4
3605,2
3606,2
3607,5
3608,2
3609,1
3610,1
3611,4
3612,1
3613,1
3614,4
3615,1
3616,1
3617,1
3618,1
3619,5
3620,5
3621,1
3622,1
3623,6
3624,1
3625,1
3626,4
3627,1
3628,1
3629,4
3630,4
3631,1
3632,2
3633,1
3634,1
3635,1
3636,1
3637,1
3638,8
3639,2
3640,2
3641,1
3642,2
3643,4
3644,1
3645,1
3646,3
3647,1
3648,1
3649,1
3650,5
3651,1
3652,1
3653,1
3654,2
3655,1
3656,3
3657,1
3658,2
3659,1
3660,4
3661,2
3662,5
3663,6
3664,4
3665,3
3666,1
3667,1
3668,1
3669,1
3670,3
3671,1
3672,1
3673,1
3674,3
3675,1
3676,5
3677,2
3678,1
3679,2
3680,1
3681,4
3682,3
3683,2
3684,1
3685,2
3686,5
3687,1
3688,2
3689,4
3690,1
3691,3
3692,1
3693,1
3694,1
3695,1
3696,3
3697,1
3698,5
3699,1
3700,1
3701,1
3702,1
3703,1
3704,8
3705,4
3706,4
3707,4
3708,5
3709,1
3710,2
3711,1
3712,3
3713,2
3714,1
3715,5
3716,1
3717,1
3718,1
3719,1
3720,1
3721,1
3722,1
3723,1
3724,4
3725,8
3726,2
3727,2
3728,4
3729,1
3730,1
3731,1
3732,1
3733,1
3734,1
3735,1
3736,4
3737,4
3738,1
3739,1
3740,5
3741,1
3742,1
3743,2
3744,1
3745,1
3746,4
3747,9
3748,2
3749,1
3750,1
3751,1
3752,1
3753,1
3754,2
3755,1
3756,2
3757,1
3758,1
3759,1
3760,2
3761,2
3762,1
3763,6
3764,4
3765,2
3766,3
3767,1
3768,1
3769,1
3770,1
3771,1
3772,1
3773,4
3774,3
3775,1
3776,1
3777,1
3778,8
3779,4
3780,4
3781,1
3782,1
3783,1
3784,1
3785,1
3786,1
3787,1
3788,2
3789,5
3790,1
3791,1
3792,1
3793,1
3794,4
3795,1
3796,1
3797,4
3798,1
3799,1
3800,5
3801,1
3802,1
3803,1
3804,1
3805,1
3806,1
3807,9
3808,1
3809,5
3810,1
3811,1
3812,2
3813,1
3814,4
3815,4
3816,9
3817,4
3818,1
3819,1
3820,2
3821,1
3822,1
3823,1
3824,4
3825,1
3826,1
3827,1
3828,4
3829,1
3830,4
3831,1
3832,1
3833,2
3834,1
3835,1
3836,1
3837,1
3838,1
3839,4
3840,6
3841,2
3842,4
3843,1
3844,1
3845,1
3846,4
3847,5
3848,4
3849,1
3850,2
3851,1
3852,1
3853,6
3854,2
3855,9
3856,1
3857,2
3858,1
3859,1
3860,1
3861,5
3862,1
3863,1
3864,5
3865,4
3866,1
3867,1
3868,2
3869,3
3870,2
3871,1
3872,2
3873,4
3874,2
3875,8
3876,2
3877,5
3878,1
3879,2
3880,1
3881,4
3882,1
3883,3
3884,9
3885,1
3886,1
3887,1
3888,2
3889,5
3890,1
3891,1
3892,1
3893,4
3894,2
3895,8
3896,4
3897,4
3898,1
3899,1
3900,2
3901,4
3902,1
3903,5
3904,9
3905,2
3906,1
3907,1
3908,2
3909,1
3910,1
3911,4
3912,4
3913,1
3914,1
3915,1
3916,4
3917,6
3918,2
3919,2
3920,5
3921,1
3922,10
3923,4
3924,1
3925,2
3926,2
3927,1
3928,1
3929,2
3930,4
3931,4
3932,1
3933,2
3934,3
3935,1
3936,2
3937,1
3938,4
3939,5
3940,5
3941,1
3942,9
3943,1
3944,1
3945,4
3946,5
3947,6
3948,5
3949,1
3950,2
3951,4
3952,4
3953,3
3954,1
3955,1
3956,1
3957,5
3958,1
3959,4
3960,1
3961,9
3962,2
3963,4
3964,1
3965,1
3966,1
3967,1
3968,2
3969,4
3970,1
3971,5
3972,5
3973,4
3974,1
3975,1
3976,1
3977,1
3978,1
3979,1
3980,4
3981,1
3982,5
3983,5
3984,1
3985,5
3986,1
3987,1
3988,1
3989,8
3990,1
3991,2
3992,5
3993,3
3994,1
3995,9
3996,1
3997,1
3998,4
3999,1
4000,1
4001,1
4002,1
4003,1
4004,1
4005,1
4006,1
4007,4
4008,1
4009,4
4010,1
4011,1
4012,1
4013,1
4014,4
4015,1
4016,1
4017,1
4018,10
4019,4
4020,5
4021,4
4022,1
4023,5
4024,1
4025,1
4026,1
4027,4
4028,1
4029,5
4030,4
4031,4
4032,1
4033,1
4034,1
4035,1
4036,1
4037,1
4038,1
4039,2
4040,1
4041,3
4042,1
4043,2
4044,1
4045,4
4046,4
4047,10
4048,1
4049,3
4050,1
4051,1
4052,1
4053,1
4054,1
4055,1
4056,1
4057,5
4058,1
4059,2
4060,2
4061,4
4062,5
4063,2
4064,1
4065,1
4066,1
4067,1
4068,6
4069,1
4070,8
4071,10
4072,3
4073,5
4074,1
4075,4
4076,1
4077,4
4078,3
4079,4
4080,4
4081,1
4082,4
4083,1
4084,1
4085,4
4086,1
4087,4
4088,1
4089,1
4090,4
4091,4
4092,1
4093,1
4094,4
4095,1
4096,2
4097,5
4098,5
4099,1
4100,1
4101,1
4102,4
4103,2
4104,9
4105,5
4106,9
4107,1
4108,1
4109,1
4110,2
4111,1
4112,4
4113,4
4114,2
4115,2
4116,1
4117,1
4118,1
4119,2
4120,4
4121,5
4122,1
4123,6
4124,1
4125,4
4126,3
4127,4
4128,1
4129,1
4130,6
4131,1
4132,1
4133,4
4134,6
4135,1
4136,1
4137,1
4138,5
4139,1
4140,1
4141,9
4142,1
4143,6
4144,4
4145,1
4146,2
4147,4
4148,2
4149,4
4150,6
4151,2
4152,5
4153,1
4154,1
4155,1
4156,1
4157,4
4158,2
4159,4
4160,1
4161,2
4162,1
4163,1
4164,1
4165,2
4166,1
4167,4
4168,1
4169,2
4170,1
4171,2
4172,1
4173,1
4174,1
4175,1
4176,2
4177,2
4178,1
4179,4
4180,1
4181,3
4182,1
4183,4
4184,6
4185,6
4186,4
4187,1
4188,1
4189,2
4190,1
4191,5
4192,4
4193,1
4194,10
4195,2
4196,1
4197,1
4198,4
4199,1
4200,4
4201,5
4202,8
4203,4
4204,1
4205,4
4206,4
4207,4
4208,4
4209,1
4210,1
4211,9
4212,1
4213,1
4214,2
4215,1
4216,1
4217,2
4218,1
4219,5
4220,1
4221,1
4222,1
4223,1
4224,3
4225,3
4226,1
4227,2
4228,1
4229,1
4230,1
4231,4
4232,2
4233,5
4234,1
4235,1
4236,1
4237,2
4238,1
4239,1
4240,4
4241,1
4242,1
4243,2
4244,1
4245,1
4246,3
4247,2
4248,1
4249,2
4250,1
4251,4
4252,2
4253,1
4254,1
4255,2
4256,1
4257,1
4258,3
4259,4
4260,1
4261,1
4262,1
4263,1
4264,4
4265,4
4266,1
4267,5
4268,2
4269,4
4270,4
4271,2
4272,5
4273,1
4274,2
4275,2
4276,1
4277,1
4278,1
4279,1
4280,1
4281,5
4282,1
4283,1
4284,1
4285,1
4286,2
4287,1
4288,2
4289,1
4290,1
4291,1
4292,1
4293,4
4294,1
4295,1
4296,1
4297,1
4298,1
4299,1
4300,1
4301,2
4302,1
4303,1
4304,4
4305,1
4306,1
4307,1
4308,6
4309,4
4310,2
4311,1
4312,1
4313,1
4314,1
4315,2
4316,1
4317,1
4318,4
4319,1
4320,1
4321,1
4322,1
4323,2
4324,1
4325,2
4326,1
4327,2
4328,2
4329,1
4330,5
4331,3
4332,3
4333,1
4334,1
4335,9
4336,1
4337,1
4338,6
4339,2
4340,2
4341,1
4342,1
4343,5
4344,1
4345,4
4346,1
4347,4
4348,1
4349,5
4350,5
4351,1
4352,1
4353,2
4354,1
4355,1
4356,1
4357,1
4358,1
4359,1
4360,1
4361,4
4362,1
4363,5
4364,1
4365,1
4366,2
4367,6
4368,3
4369,5
4370,1
4371,10
4372,1
4373,6
4374,4
4375,2
4376,6
4377,4
4378,1
4379,1
4380,1
4381,4
4382,1
4383,4
4384,1
4385,1
4386,8
4387,4
4388,1
4389,1
4390,1
4391,1
4392,1
4393,6
4394,1
4395,1
4396,1
4397,4
4398,2
4399,1
4400,2
4401,1
4402,4
4403,1
4404,1
4405,4
4406,2
4407,4
4408,1
4409,1
4410,1
4411,1
4412,1
4413,1
4414,4
4415,2
4416,1
4417,1
4418,1
4419,1
4420,1
4421,9
4422,1
4423,2
4424,1
4425,1
4426,1
4427,1
4428,1
4429,2
4430,4
4431,2
4432,1
4433,1
4434,5
4435,6
4436,5
4437,2
4438,4
4439,4
4440,1
4441,1
4442,4
4443,1
4444,1
4445,1
4446,1
4447,4
4448,6
4449,1
4450,1
4451,4
4452,1
4453,1
4454,5
4455,1
4456,2
4457,1
4458,4
4459,6
4460,1
4461,1
4462,1
4463,2
4464,2
4465,1
4466,5
4467,1
4468,4
4469,1
4470,5
4471,4
4472,1
4473,4
4474,4
4475,9
4476,1
4477,1
4478,6
4479,1
4480,5
4481,4
4482,1
4483,4
4484,5
4485,5
4486,9
4487,1
4488,1
4489,1
4490,4
4491,1
4492,1
4493,1
4494,1
4495,2
4496,1
4497,1
4498,5
4499,1
4500,2
4501,4
4502,5
4503,6
4504,1
4505,1
4506,2
4507,2
4508,1
4509,1
4510,1
4511,2
4512,1
4513,9
4514,4
4515,1
4516,2
4517,1
4518,1
4519,1
4520,5
4521,2
4522,4
4523,1
4524,4
4525,1
4526,1
4527,5
4528,1
4529,2
4530,2
4531,1
4532,2
4533,1
4534,4
4535,1
4536,1
4537,1
4538,4
4539,4
4540,3
4541,4
4542,2
4543,2
4544,1
4545,1
4546,1
4547,2
4548,2
4549,1
4550,5
4551,1
4552,4
4553,1
4554,1
4555,2
4556,1
4557,1
4558,8
4559,8
4560,1
4561,1
4562,1
4563,1
4564,4
4565,1
4566,1
4567,4
4568,2
4569,1
4570,2
4571,1
4572,1
4573,1
4574,1
4575,1
4576,6
4577,1
4578,1
4579,4
4580,1
4581,1
4582,1
4583,1
4584,1
4585,1
4586,5
4587,4
4588,1
4589,2
4590,4
4591,1
4592,2
4593,6
4594,1
4595,2
4596,4
4597,2
4598,2
4599,3
4600,2
4601,2
4602,1
4603,4
4604,1
4605,5
4606,2
4607,4
4608,1
4609,1
4610,2
4611,5
4612,1
4613,4
4614,1
4615,1
4616,1
4617,2
4618,4
4619,1
4620,2
4621,1
4622,3
4623,4
4624,1
4625,3
4626,1
4627,1
4628,4
4629,1
4630,1
4631,1
4632,1
4633,5
4634,1
4635,6
4636,8
4637,5
4638,2
4639,1
4640,9
4641,8
4642,1
4643,9
4644,1
4645,1
4646,1
4647,1
4648,2
4649,5
4650,5
4651,1
4652,1
4653,4
4654,8
4655,4
4656,5
4657,6
4658,1
4659,2
4660,1
4661,2
4662,1
4663,5
4664,5
4665,1
4666,1
4667,4
4668,1
4669,4
4670,1
4671,1
4672,1
4673,4
4674,1
4675,1
4676,2
4677,1
4678,4
4679,2
4680,1
4681,2
4682,4
4683,1
4684,1
4685,1
4686,2
4687,1
4688,1
4689,1
4690,1
4691,9
4692,6
4693,1
4694,3
4695,1
4696,1
4697,4
4698,1
4699,2
4700,1
4701,2
4702,1
4703,5
4704,1
4705,1
4706,1
4707,2
4708,2
4709,4
4710,2
4711,1
4712,4
4713,5
4714,1
4715,1
4716,5
4717,1
4718,4
4719,4
4720,2
4721,2
4722,1
4723,1
4724,1
4725,5
4726,6
4727,1
4728,2
4729,1
4730,1
4731,1
4732,1
4733,1
4734,1
4735,1
4736,1
4737,1
4738,1
4739,5
4740,1
4741,4
4742,1
4743,4
4744,5
4745,1
4746,1
4747,1
4748,1
4749,1
4750,1
4751,8
4752,1
4753,1
4754,2
4755,4
4756,8
4757,1
4758,4
4759,4
4760,1
4761,4
4762,1
4763,4
4764,6
4765,1
4766,1
4767,6
4768,1
4769,1
4770,1
4771,2
4772,1
4773,1
4774,4
4775,1
4776,4
4777,8
4778,1
4779,1
4780,4
4781,4
4782,1
4783,1
4784,1
4785,3
4786,1
4787,6
4788,1
4789,1
4790,5
4791,4
4792,5
4793,1
4794,4
4795,4
4796,1
4797,3
4798,2
4799,5
4800,1
4801,5
4802,1
4803,1
4804,5
4805,8
4806,4
4807,1
4808,1
4809,2
4810,1
4811,1
4812,1
4813,1
4814,1
4815,9
4816,1
4817,4
4818,1
4819,5
4820,1
4821,8
4822,6
4823,5
4824,1
4825,1
4826,1
4827,1
4828,1
4829,1
4830,1
4831,1
4832,1
4833,1
4834,1
4835,1
4836,4
4837,1
4838,6
4839,2
4840,1
4841,4
4842,1
4843,2
4844,1
4845,8
4846,2
4847,2
4848,1
4849,1
4850,1
4851,1
4852,1
4853,4
4854,4
4855,1
4856,1
4857,1
4858,4
4859,1
4860,1
4861,1
4862,2
4863,6
4864,1
4865,4
4866,1
4867,3
4868,2
4869,1
4870,1
4871,1
4872,6
4873,3
4874,1
4875,4
4876,1
4877,1
4878,1
4879,1
4880,1
4881,1
4882,1
4883,1
4884,4
4885,4
4886,2
4887,2
4888,4
4889,1
4890,2
4891,1
4892,1
4893,1
4894,1
4895,1
4896,1
4897,4
4898,1
4899,4
4900,1
4901,1
4902,1
4903,5
4904,4
4905,1
4906,1
4907,1
4908,1
4909,2
4910,1
4911,1
4912,1
4913,4
4914,4
4915,1
4916,2
4917,4
4918,1
4919,3
4920,1
4921,2
4922,4
4923,1
4924,1
4925,1
4926,1
4927,4
4928,2
4929,2
4930,2
4931,4
4932,1
4933,1
4934,1
4935,4
4936,6
4937,1
4938,1
4939,1
4940,1
4941,1
4942,1
4943,2
4944,2
4945,4
4946,1
4947,5
4948,1
4949,5
4950,1
4951,2
4952,1
4953,1
4954,1
4955,2
4956,4
4957,2
4958,1
4959,2
4960,5
4961,5
4962,2
4963,2
4964,4
4965,1
4966,1
4967,1
4968,1
4969,1
4970,4
4971,6
4972,1
4973,1
4974,4
4975,1
4976,2
4977,1
4978,1
4979,1
4980,1
4981,1
4982,1
4983,5
4984,4
4985,1
4986,5
4987,1
4988,4
4989,1
4990,5
4991,1
4992,4
4993,4
4994,1
4995,2
4996,1
4997,4
4998,4
4999,1
5000,2
5001,1
5002,1
5003,1
5004,6
5005,4
5006,5
5007,4
5008,10
5009,1
5010,4
5011,1
5012,1
5013,6
5014,1
5015,1
5016,2
5017,5
5018,4
5019,2
5020,5
5021,1
5022,1
5023,6
5024,2
5025,1
5026,5
5027,1
5028,4
5029,3
5030,1
5031,1
5032,1
5033,4
5034,2
5035,4
5036,1
5037,1
5038,2
5039,1
5040,1
5041,6
5042,4
5043,4
5044,1
5045,4
5046,1
5047,4
5048,4
5049,4
5050,1
5051,1
5052,2
5053,1
5054,1
5055,2
5056,1
5057,2
5058,1
5059,5
5060,1
5061,4
5062,4
5063,5
5064,1
5065,4
5066,4
5067,3
5068,2
5069,1
5070,1
5071,1
5072,4
5073,4
5074,2
5075,1
5076,1
5077,2
5078,2
5079,5
5080,1
5081,1
5082,4
5083,1
5084,1
5085,1
5086,2
5087,5
5088,4
5089,1
5090,1
5091,1
5092,2
5093,1
5094,1
5095,1
5096,4
5097,1
5098,1
5099,1
5100,2
5101,1
5102,10
5103,1
5104,1
5105,4
5106,1
5107,1
5108,2
5109,1
5110,1
5111,4
5112,2
5113,4
5114,3
5115,2
5116,1
5117,4
5118,2
5119,2
5120,1
5121,1
5122,4
5123,1
5124,1
5125,1
5126,1
5127,1
5128,1
5129,2
5130,2
5131,5
5132,1
5133,4
5134,1
5135,1
5136,1
5137,2
5138,1
5139,1
5140,9
5141,1
5142,1
5143,6
5144,1
5145,3
5146,6
5147,1
5148,9
5149,3
5150,1
5151,1
5152,1
5153,2
5154,4
5155,3
5156,1
5157,9
5158,1
5159,1
5160,1
5161,4
5162,2
5163,1
5164,1
5165,1
5166,1
5167,1
5168,1
5169,3
5170,1
5171,1
5172,5
5173,1
5174,1
5175,1
5176,9
5177,4
5178,4
5179,1
5180,1
5181,1
5182,2
5183,1
5184,9
5185,3
5186,1
5187,4
5188,4
5189,1
5190,1
5191,10
5192,4
5193,1
5194,10
5195,1
5196,3
5197,8
5198,5
5199,4
5200,1
5201,1
5202,2
5203,1
5204,1
5205,9
5206,1
5207,1
5208,2
5209,3
5210,1
5211,1
5212,1
5213,6
5214,1
5215,2
5216,1
5217,1
5218,2
5219,1
5220,8
5221,1
5222,5
5223,4
5224,1
5225,6
5226,1
5227,1
5228,2
5229,2
5230,2
5231,1
5232,1
5233,2
5234,1
5235,2
5236,3
5237,1
5238,3
5239,1
5240,1
5241,1
5242,1
5243,1
5244,1
5245,4
5246,4
5247,1
5248,5
5249,4
5250,1
5251,2
5252,1
5253,1
5254,1
5255,1
5256,1
5257,1
5258,2
5259,2
5260,4
5261,1
5262,9
5263,4
5264,4
5265,1
5266,2
5267,5
5268,1
5269,4
5270,2
5271,1
5272,1
5273,1
5274,1
5275,1
5276,2
5277,1
5278,5
5279,1
5280,5
5281,6
5282,1
5283,1
5284,1
5285,1
5286,1
5287,9
5288,4
5289,2
5290,9
5291,4
5292,1
5293,1
5294,6
5295,1
5296,4
5297,1
5298,1
5299,1
5300,5
5301,1
5302,1
5303,2
5304,3
5305,4
5306,1
5307,1
5308,2
5309,1
5310,4
5311,4
5312,4
5313,1
5314,1
5315,1
5316,1
5317,1
5318,5
5319,2
5320,1
5321,1
5322,1
5323,4
5324,1
5325,1
5326,1
5327,1
5328,1
5329,1
5330,4
5331,1
5332,1
5333,5
5334,2
5335,1
5336,1
5337,3
5338,1
5339,1
5340,1
5341,3
5342,6
5343,9
5344,1
5345,1
5346,1
5347,5
5348,9
5349,6
5350,5
5351,1
5352,5
5353,1
5354,2
5355,1
5356,1
5357,1
5358,1
5359,1
5360,1
5361,1
5362,2
5363,4
5364,1
5365,1
5366,4
5367,1
5368,1
5369,1
5370,1
5371,2
5372,1
5373,2
5374,1
5375,4
5376,1
5377,1
5378,2
5379,2
5380,2
5381,1
5382,1
5383,5
5384,4
5385,1
5386,2
5387,4
5388,9
5389,2
5390,1
5391,2
5392,2
5393,2
5394,4
5395,5
5396,4
5397,1
5398,2
5399,2
5400,1
5401,1
5402,1
5403,1
5404,5
5405,8
5406,5
5407,2
5408,2
5409,1
5410,1
5411,1
5412,1
5413,3
5414,1
5415,4
5416,4
5417,2
5418,1
5419,6
5420,1
5421,1
5422,6
5423,1
5424,1
5425,1
5426,4
5427,3
5428,1
5429,1
5430,2
5431,4
5432,1
5433,1
5434,1
5435,2
5436,1
5437,1
5438,9
5439,2
5440,5
5441,1
5442,4
5443,2
5444,4
5445,4
5446,1
5447,1
5448,1
5449,1
5450,1
5451,1
5452,4
5453,4
5454,1
5455,4
5456,3
5457,1
5458,1
5459,1
5460,1
5461,4
5462,5
5463,1
5464,1
5465,10
5466,1
5467,1
5468,10
5469,1
5470,10
5471,1
5472,1
5473,1
5474,5
5475,4
5476,2
5477,1
5478,6
5479,1
5480,1
5481,9
5482,2
5483,1
5484,1
5485,5
5486,1
5487,1
5488,1
5489,1
5490,1
5491,1
5492,1
5493,4
5494,1
5495,5
5496,1
5497,5
5498,1
5499,2
5500,1
5501,4
5502,5
5503,1
5504,2
5505,4
5506,4
5507,1
5508,4
5509,4
5510,1
5511,6
5512,1
5513,4
5514,2
5515,2
5516,1
5517,1
5518,2
5519,1
5520,2
5521,1
5522,1
5523,6
5524,2
5525,2
5526,1
5527,10
5528,1
5529,3
5530,4
5531,1
5532,4
5533,2
5534,10
5535,3
5536,1
5537,2
5538,1
5539,1
5540,4
5541,1
5542,4
5543,2
5544,10
5545,2
5546,2
5547,2
5548,2
5549,1
5550,5
5551,1
5552,1
5553,2
5554,5
5555,6
5556,5
5557,1
5558,4
5559,4
5560,2
5561,8
5562,1
5563,1
5564,1
5565,1
5566,4
5567,1
5568,2
5569,4
5570,1
5571,1
5572,1
5573,1
5574,1
5575,1
5576,1
5577,5
5578,9
5579,2
5580,1
5581,1
5582,1
5583,1
5584,1
5585,4
5586,1
5587,2
5588,2
5589,1
5590,1
5591,4
5592,1
5593,9
5594,2
5595,4
5596,1
5597,10
5598,1
5599,1
5600,1
5601,1
5602,1
5603,6
5604,1
5605,1
5606,1
5607,1
5608,1
5609,1
5610,1
5611,1
5612,3
5613,1
5614,1
5615,1
5616,1
5617,4
5618,2
5619,4
5620,5
5621,2
5622,2
5623,1
5624,1
5625,1
5626,1
5627,5
5628,1
5629,1
5630,1
5631,4
5632,1
5633,5
5634,1
5635,1
5636,1
5637,2
5638,1
5639,1
5640,1
5641,2
5642,1
5643,1
5644,1
5645,1
5646,4
5647,4
5648,3
5649,1
5650,1
5651,4
5652,1
5653,6
5654,10
5655,1
5656,2
5657,1
5658,1
5659,4
5660,1
5661,4
5662,1
5663,1
5664,1
5665,1
5666,4
5667,1
5668,2
5669,1
5670,1
5671,5
5672,1
5673,1
5674,2
5675,1
5676,1
5677,4
5678,1
5679,1
5680,2
5681,1
5682,1
5683,9
5684,1
5685,1
5686,4
5687,1
5688,2
5689,5
5690,1
5691,1
5692,4
5693,2
5694,1
5695,2
5696,5
5697,2
5698,4
5699,6
5700,4
5701,6
5702,1
5703,1
5704,1
5705,1
5706,4
5707,2
5708,1
5709,4
5710,5
5711,1
5712,1
5713,1
5714,4
5715,2
5716,1
5717,6
5718,2
5719,1
5720,1
5721,4
5722,2
5723,4
5724,4
5725,4
5726,1
5727,1
5728,1
5729,1
5730,1
5731,1
5732,5
5733,4
5734,2
5735,1
5736,4
5737,1
5738,1
5739,1
5740,1
5741,1
5742,1
5743,1
5744,1
5745,1
5746,1
5747,4
5748,4
5749,1
5750,1
5751,1
5752,4
5753,1
5754,1
5755,1
5756,4
5757,4
5758,2
5759,6
5760,4
5761,6
5762,1
5763,9
5764,2
5765,1
5766,5
5767,1
5768,1
5769,6
5770,3
5771,2
5772,1
5773,4
5774,1
5775,4
5776,8
5777,6
5778,1
5779,2
5780,1
5781,2
5782,1
5783,1
5784,5
5785,1
5786,1
5787,2
5788,1
5789,2
5790,2
5791,1
5792,1
5793,1
5794,1
5795,4
5796,1
5797,1
5798,1
5799,4
5800,4
5801,1
5802,4
5803,1
5804,1
5805,1
5806,1
5807,5
5808,1
5809,3
5810,5
5811,4
5812,1
5813,4
5814,2
5815,1
5816,1
5817,1
5818,1
5819,1
5820,2
5821,4
5822,1
5823,2
5824,8
5825,2
5826,4
5827,1
5828,4
5829,1
5830,1
5831,1
5832,2
5833,10
5834,4
5835,1
5836,1
5837,1
5838,1
5839,1
5840,1
5841,1
5842,1
5843,1
5844,4
5845,4
5846,3
5847,6
5848,1
5849,1
5850,5
5851,1
5852,1
5853,4
5854,1
5855,4
5856,4
5857,2
5858,2
5859,1
5860,1
5861,2
5862,1
5863,1
5864,9
5865,1
5866,4
5867,1
5868,1
5869,1
5870,1
5871,1
5872,1
5873,1
5874,1
5875,4
5876,1
5877,1
5878,4
5879,1
5880,1
5881,1
5882,2
5883,1
5884,2
5885,1
5886,6
5887,1
5888,1
5889,1
5890,1
5891,1
5892,1
5893,4
5894,1
5895,2
5896,4
5897,4
5898,1
5899,6
5900,1
5901,5
5902,3
5903,5
5904,4
5905,1
5906,4
5907,4
5908,1
5909,3
5910,6
5911,1
5912,4
5913,1
5914,1
5915,1
5916,5
5917,4
5918,4
5919,4
5920,3
5921,1
5922,1
5923,5
5924,4
5925,1
5926,5
5927,1
5928,1
5929,2
5930,4
5931,1
5932,4
5933,1
5934,1
5935,4
5936,1
5937,1
5938,6
5939,1
5940,1
5941,4
5942,1
5943,2
5944,1
5945,4
5946,1
5947,2
5948,1
5949,1
5950,4
5951,2
5952,1
5953,2
5954,1
5955,1
5956,3
5957,1
5958,1
5959,4
5960,2
5961,1
5962,4
5963,2
5964,4
5965,1
5966,1
5967,4
5968,1
5969,1
5970,1
5971,1
5972,1
5973,4
5974,2
5975,2
5976,1
5977,1
5978,2
5979,3
5980,2
5981,1
5982,3
5983,4
5984,1
5985,1
5986,2
5987,1
5988,1
5989,1
5990,2
5991,1
5992,1
5993,1
5994,1
5995,1
5996,3
5997,1
5998,2
5999,1
6000,1
6001,1
6002,4
6003,6
6004,4
6005,1
6006,2
6007,2
6008,2
6009,1
6010,1
6011,6
6012,9
6013,2
6014,1
6015,8
6016,2
6017,1
6018,1
6019,2
6020,6
6021,5
6022,5
6023,1
6024,3
6025,1
6026,4
6027,1
6028,1
6029,1
6030,1
6031,8
6032,8
6033,1
6034,5
6035,4
6036,3
6037,4
6038,1
6039,1
6040,2
6041,4
6042,5
6043,9
6044,6
6045,4
6046,2
6047,1
6048,2
6049,1
6050,1
6051,1
6052,1
6053,1
6054,2
6055,1
6056,1
6057,1
6058,1
6059,1
6060,5
6061,1
6062,1
6063,2
6064,1
6065,4
6066,1
6067,6
6068,2
6069,5
6070,2
6071,1
6072,2
6073,1
6074,1
6075,1
6076,4
6077,1
6078,1
6079,4
6080,2
6081,1
6082,4
6083,4
6084,4
6085,5
6086,5
6087,1
6088,2
6089,1
6090,2
6091,1
6092,6
6093,5
6094,1
6095,1
6096,6
6097,1
6098,1
6099,4
6100,5
6101,2
6102,1
6103,5
6104,1
6105,4
6106,1
6107,1
6108,5
6109,1
6110,4
6111,1
6112,5
6113,2
6114,1
6115,2
6116,3
6117,2
6118,4
6119,1
6120,2
6121,1
6122,1
6123,5
6124,1
6125,1
6126,4
6127,4
6128,1
6129,4
6130,1
6131,1
6132,10
6133,1
6134,4
6135,1
6136,1
6137,6
6138,1
6139,5
6140,1
6141,9
6142,5
6143,1
6144,1
6145,1
6146,1
6147,1
6148,4
6149,4
6150,2
6151,4
6152,4
6153,4
6154,1
6155,2
6156,2
6157,5
6158,1
6159,1
6160,3
6161,1
6162,5
6163,1
6164,2
6165,1
6166,5
6167,1
6168,1
6169,1
6170,4
6171,2
6172,4
6173,2
6174,1
6175,5
6176,1
6177,1
6178,1
6179,2
6180,4
6181,1
6182,4
6183,2
6184,6
6185,4
6186,1
6187,5
6188,4
6189,5
6190,5
6191,1
6192,1
6193,5
6194,4
6195,3
6196,4
6197,1
6198,2
6199,1
6200,1
6201,2
6202,5
6203,6
6204,1
6205,1
6206,4
6207,1
6208,1
6209,5
6210,1
6211,6
6212,1
6213,1
6214,5
6215,4
6216,2
6217,1
6218,5
6219,1
6220,1
6221,1
6222,1
6223,9
6224,1
6225,1
6226,1
6227,5
6228,1
6229,2
6230,2
6231,4
6232,2
6233,2
6234,1
6235,1
6236,10
6237,2
6238,1
6239,6
6240,4
6241,1
6242,2
6243,1
6244,2
6245,1
6246,1
6247,2
6248,1
6249,1
6250,4
6251,1
6252,5
6253,1
6254,1
6255,1
6256,4
6257,1
6258,2
6259,1
6260,4
6261,1
6262,3
6263,1
6264,5
6265,2
6266,2
6267,1
6268,1
6269,4
6270,1
6271,1
6272,4
6273,1
6274,1
6275,5
6276,2
6277,2
6278,1
6279,1
6280,1
6281,1
6282,9
6283,1
6284,2
6285,1
6286,1
6287,1
6288,4
6289,9
6290,1
6291,4
6292,1
6293,1
6294,8
6295,2
6296,1
6297,1
6298,2
6299,1
6300,1
6301,5
6302,1
6303,2
6304,4
6305,1
6306,5
6307,1
6308,1
6309,1
6310,5
6311,1
6312,1
6313,4
6314,6
6315,1
6316,1
6317,2
6318,1
6319,1
6320,1
6321,3
6322,4
6323,5
6324,2
6325,1
6326,1
6327,1
6328,1
6329,2
6330,1
6331,1
6332,9
6333,4
6334,8
6335,4
6336,1
6337,1
6338,5
6339,1
6340,4
6341,4
6342,5
6343,5
6344,5
6345,6
6346,1
6347,1
6348,1
6349,1
6350,1
6351,1
6352,3
6353,2
6354,3
6355,5
6356,4
6357,10
6358,1
6359,1
6360,1
6361,2
6362,2
6363,5
6364,2
6365,1
6366,4
6367,4
6368,1
6369,5
6370,2
6371,1
6372,1
6373,1
6374,1
6375,6
6376,1
6377,1
6378,2
6379,2
6380,1
6381,1
6382,1
6383,1
6384,1
6385,1
6386,1
6387,3
6388,4
6389,1
6390,4
6391,4
6392,1
6393,1
6394,2
6395,1
6396,1
6397,5
6398,1
6399,1
6400,3
6401,1
6402,1
6403,4
6404,1
6405,2
6406,1
6407,1
6408,1
6409,4
6410,1
6411,4
6412,4
6413,1
6414,5
6415,1
6416,1
6417,5
6418,1
6419,1
6420,5
6421,1
6422,1
6423,4
6424,2
6425,2
6426,1
6427,2
6428,1
6429,1
6430,2
6431,1
6432,1
6433,2
6434,4
6435,4
6436,1
6437,1
6438,4
6439,4
6440,2
6441,4
6442,5
6443,1
6444,5
6445,1
6446,1
6447,1
6448,6
6449,2
6450,1
6451,1
6452,1
6453,1
6454,4
6455,2
6456,1
6457,1
6458,8
6459,1
6460,1
6461,5
6462,2
6463,1
6464,2
6465,1
6466,4
6467,1
6468,1
6469,2
6470,1
6471,1
6472,1
6473,2
6474,1
6475,1
6476,5
6477,1
6478,3
6479,1
6480,2
6481,6
6482,1
6483,1
6484,1
6485,4
6486,1
6487,2
6488,1
6489,4
6490,1
6491,1
6492,1
6493,1
6494,1
6495,4
6496,1
6497,8
6498,1
6499,4
6500,1
6501,4
6502,1
6503,2
6504,4
6505,2
6506,1
6507,1
6508,1
6509,1
6510,1
6511,1
6512,1
6513,1
6514,1
6515,1
6516,4
6517,1
6518,2
6519,1
6520,4
6521,4
6522,5
6523,1
6524,5
6525,1
6526,9
6527,1
6528,1
6529,4
6530,9
6531,1
6532,1
6533,6
6534,3
6535,2
6536,4
6537,1
6538,10
6539,1
6540,1
6541,1
6542,1
6543,2
6544,1
